{"version": "1", "message": "ERROR: Hidden Testcases server unreachable.", "problem_id": "ads2_m16_a1_1", "user_id": "krishnasairam", "score": {"sample": {"0": {"execution_time": 0.2755453586578369, "passed": true}, "1": {"execution_time": 0.275501012802124, "passed": true}, "2": {"execution_time": 0.9731707572937012, "passed": true}, "3": {"execution_time": 0.9210655689239502, "passed": true}, "4": {"execution_time": 1.0032730102539062, "passed": true}, "5": {"execution_time": 0.9262933731079102, "passed": true}, "6": {"execution_time": 0.9130885601043701, "passed": true}, "7": {"execution_time": 0.9031524658203125, "passed": true}, "8": {"execution_time": 0.38366246223449707, "passed": true}, "9": {"execution_time": 0.963874340057373, "passed": true}, "10": {"execution_time": 0.9609758853912354, "passed": true}, "11": {"execution_time": 3.4937005043029785, "passed": true}, "12": {"execution_time": 0.9171485900878906, "passed": true}, "13": {"execution_time": 0.3619272708892822, "passed": true}, "14": {"execution_time": 0.8991317749023438, "passed": true}, "15": {"execution_time": 0.8620679378509521, "passed": true}, "16": {"execution_time": 0.3719916343688965, "passed": true}, "17": {"execution_time": 0.35268115997314453, "passed": true}, "18": {"execution_time": 0.34941673278808594, "passed": true}, "19": {"execution_time": 0.33834266662597656, "passed": true}, "20": {"execution_time": 0.38445520401000977, "passed": true}, "21": {"execution_time": 0.3443112373352051, "passed": true}, "22": {"execution_time": 0.33697509765625, "passed": true}, "23": {"execution_time": 0.3163902759552002, "passed": true}, "24": {"execution_time": 0.20944714546203613, "passed": true}, "25": {"execution_time": 0.9703710079193115, "passed": true}, "26": {"execution_time": 0.815422773361206, "passed": true}, "27": {"execution_time": 1.0086159706115723, "passed": true}, "28": {"execution_time": 1.8135035037994385, "passed": true}, "29": {"execution_time": 2.0937511920928955, "passed": true}}}, "check_style_score": "1/1"}