{"version": "1", "message": "ERROR: Hidden Testcases server unreachable.", "problem_id": "ads2_m16_a1_1", "user_id": "krishnasairam", "score": {"sample": {"0": {"execution_time": 0.2999722957611084, "passed": true}, "1": {"execution_time": 0.3738987445831299, "passed": true}, "2": {"execution_time": 1.1454226970672607, "passed": true}, "3": {"execution_time": 1.0649309158325195, "passed": true}, "4": {"execution_time": 1.1345775127410889, "passed": true}, "5": {"execution_time": 1.496934175491333, "passed": true}, "6": {"execution_time": 1.2588229179382324, "passed": true}, "7": {"execution_time": 1.0133278369903564, "passed": true}, "8": {"execution_time": 0.43699121475219727, "passed": true}, "9": {"execution_time": 1.030733585357666, "passed": true}, "10": {"execution_time": 1.0116233825683594, "passed": true}, "11": {"execution_time": 3.632570505142212, "passed": true}, "12": {"execution_time": 1.514007329940796, "passed": true}, "13": {"execution_time": 0.28017210960388184, "passed": true}, "14": {"execution_time": 1.3929212093353271, "passed": true}, "15": {"execution_time": 1.2114276885986328, "passed": true}, "16": {"execution_time": 0.40311694145202637, "passed": true}, "17": {"execution_time": 0.5528042316436768, "passed": true}, "18": {"execution_time": 0.3860912322998047, "passed": true}, "19": {"execution_time": 0.47268104553222656, "passed": true}, "20": {"execution_time": 0.37802577018737793, "passed": true}, "21": {"execution_time": 0.3455321788787842, "passed": true}, "22": {"execution_time": 0.43990254402160645, "passed": true}, "23": {"execution_time": 0.4894554615020752, "passed": true}, "24": {"execution_time": 0.319063663482666, "passed": true}, "25": {"execution_time": 1.1499297618865967, "passed": true}, "26": {"execution_time": 0.9059958457946777, "passed": true}, "27": {"execution_time": 1.1123661994934082, "passed": true}, "28": {"execution_time": 2.1188406944274902, "passed": true}, "29": {"execution_time": 2.2464797496795654, "passed": true}}}, "check_style_score": "1/1"}