{"version": "1", "message": "ERROR: Hidden Testcases server unreachable.", "problem_id": "ads2_m16_a1_1", "user_id": "krishnasairam", "score": {"sample": {"0": {"execution_time": 0.3491628170013428, "passed": true}, "1": {"execution_time": 0.34694409370422363, "passed": true}, "2": {"execution_time": 1.0699713230133057, "passed": true}, "3": {"execution_time": 1.0100960731506348, "passed": true}, "4": {"execution_time": 0.9878463745117188, "passed": true}, "5": {"execution_time": 1.0231308937072754, "passed": true}, "6": {"execution_time": 1.0490174293518066, "passed": true}, "7": {"execution_time": 1.0216872692108154, "passed": true}, "8": {"execution_time": 0.36403560638427734, "passed": true}, "9": {"execution_time": 0.9443473815917969, "passed": true}, "10": {"execution_time": 1.0283787250518799, "passed": true}, "11": {"execution_time": 3.450129270553589, "passed": true}, "12": {"execution_time": 1.0434496402740479, "passed": true}, "13": {"execution_time": 0.2975294589996338, "passed": true}, "14": {"execution_time": 1.0115511417388916, "passed": true}, "15": {"execution_time": 1.0028841495513916, "passed": true}, "16": {"execution_time": 0.37374258041381836, "passed": true}, "17": {"execution_time": 0.3701300621032715, "passed": true}, "18": {"execution_time": 0.3829669952392578, "passed": true}, "19": {"execution_time": 0.3555903434753418, "passed": true}, "20": {"execution_time": 0.3860032558441162, "passed": true}, "21": {"execution_time": 0.37694239616394043, "passed": true}, "22": {"execution_time": 0.3857254981994629, "passed": true}, "23": {"execution_time": 0.39533257484436035, "passed": true}, "24": {"execution_time": 0.24267292022705078, "passed": true}, "25": {"execution_time": 1.0505642890930176, "passed": true}, "26": {"execution_time": 0.837921142578125, "passed": true}, "27": {"execution_time": 1.0718495845794678, "passed": true}, "28": {"execution_time": 1.7467594146728516, "passed": true}, "29": {"execution_time": 2.050513505935669, "passed": true}}}, "check_style_score": "0/1"}