{"version": "1", "message": "ERROR: Hidden Testcases server unreachable.", "problem_id": "ads2_m6_a1_1", "user_id": "krishnasairam", "score": {"sample": {"0": {"execution_time": 0.29195594787597656, "passed": false}, "1": {"execution_time": 0.23413610458374023, "passed": false}, "2": {"execution_time": 0.24950909614562988, "passed": false}, "3": {"execution_time": 0.23346877098083496, "passed": false}, "4": {"execution_time": 0.23104047775268555, "passed": false}, "5": {"execution_time": 0.249375581741333, "passed": false}, "6": {"execution_time": 0.27529168128967285, "passed": true}, "7": {"execution_time": 0.2874724864959717, "passed": false}, "8": {"execution_time": 0.26044273376464844, "passed": true}, "9": {"execution_time": 0.27784180641174316, "passed": false}, "10": {"execution_time": 0.2393198013305664, "passed": true}, "11": {"execution_time": 0.27408719062805176, "passed": false}}}, "check_style_score": "0/1"}