{"version": "1", "message": "ERROR: Hidden Testcases server unreachable.", "problem_id": "ads2_m6_a1_1", "user_id": "krishnasairam", "score": {"sample": {"0": {"execution_time": 0.22896862030029297, "passed": false}, "1": {"execution_time": 0.2295517921447754, "passed": false}, "2": {"execution_time": 0.26195430755615234, "passed": false}, "3": {"execution_time": 0.2411360740661621, "passed": false}, "4": {"execution_time": 0.2545754909515381, "passed": false}, "5": {"execution_time": 0.2597775459289551, "passed": false}, "6": {"execution_time": 0.22926926612854004, "passed": true}, "7": {"execution_time": 0.23989605903625488, "passed": false}, "8": {"execution_time": 0.23324108123779297, "passed": true}, "9": {"execution_time": 0.21695876121520996, "passed": false}, "10": {"execution_time": 0.23188519477844238, "passed": true}, "11": {"execution_time": 0.2644069194793701, "passed": false}}}, "check_style_score": "0/1"}