{"version": "1", "message": "ERROR: Hidden Testcases server unreachable.", "problem_id": "ads2_m6_a1_1", "user_id": "krishnasairam", "score": {"sample": {"0": {"execution_time": 0.21359944343566895, "passed": false}, "1": {"execution_time": 0.23132562637329102, "passed": false}, "2": {"execution_time": 0.22631239891052246, "passed": false}, "3": {"execution_time": 0.22825145721435547, "passed": false}, "4": {"execution_time": 0.21439838409423828, "passed": false}, "5": {"execution_time": 0.3994612693786621, "passed": false}, "6": {"execution_time": 0.23357176780700684, "passed": true}, "7": {"execution_time": 0.22852826118469238, "passed": false}, "8": {"execution_time": 0.22615957260131836, "passed": true}, "9": {"execution_time": 0.33475518226623535, "passed": false}, "10": {"execution_time": 0.22793793678283691, "passed": true}, "11": {"execution_time": 0.5634894371032715, "passed": false}}}, "check_style_score": "0/1"}