{"version": "1", "message": "ERROR: Hidden Testcases server unreachable.", "problem_id": "ads2_m6_a1_1", "user_id": "krishnasairam", "score": {"sample": {"0": {"execution_time": 0.2476181983947754, "passed": false}, "1": {"execution_time": 0.20868229866027832, "passed": false}, "2": {"execution_time": 0.20979666709899902, "passed": false}, "3": {"execution_time": 0.21014070510864258, "passed": false}, "4": {"execution_time": 0.3084299564361572, "passed": false}, "5": {"execution_time": 0.22480225563049316, "passed": false}, "6": {"execution_time": 0.21774864196777344, "passed": true}, "7": {"execution_time": 0.21348357200622559, "passed": false}, "8": {"execution_time": 0.22739481925964355, "passed": true}, "9": {"execution_time": 0.27727413177490234, "passed": false}, "10": {"execution_time": 0.271240234375, "passed": true}, "11": {"execution_time": 0.2230238914489746, "passed": false}}}, "check_style_score": "0/1"}