{"version": "1", "message": "ERROR: Hidden Testcases server unreachable.", "problem_id": "ads2_m6_a1_1", "user_id": "krishnasairam", "score": {"sample": {"0": {"execution_time": 0.2116870880126953, "passed": false}, "1": {"execution_time": 0.20957016944885254, "passed": false}, "2": {"execution_time": 0.25006961822509766, "passed": false}, "3": {"execution_time": 0.22377967834472656, "passed": false}, "4": {"execution_time": 0.22825932502746582, "passed": false}, "5": {"execution_time": 0.23693251609802246, "passed": false}, "6": {"execution_time": 0.21467161178588867, "passed": false}, "7": {"execution_time": 0.21749258041381836, "passed": false}, "8": {"execution_time": 0.23875212669372559, "passed": false}, "9": {"execution_time": 0.23569583892822266, "passed": false}, "10": {"execution_time": 0.1943671703338623, "passed": false}, "11": {"execution_time": 0.22658348083496094, "passed": false}}}, "check_style_score": "0/1"}