{"version": "1", "message": "ERROR: Hidden Testcases server unreachable.", "problem_id": "ads2_m6_a1_1", "user_id": "krishnasairam", "score": {"sample": {"0": {"execution_time": 0.23348069190979004, "passed": false}, "1": {"execution_time": 0.23251080513000488, "passed": false}, "2": {"execution_time": 0.23250150680541992, "passed": false}, "3": {"execution_time": 0.22241687774658203, "passed": false}, "4": {"execution_time": 0.3020665645599365, "passed": false}, "5": {"execution_time": 0.21724343299865723, "passed": false}, "6": {"execution_time": 0.2313387393951416, "passed": true}, "7": {"execution_time": 0.2226102352142334, "passed": false}, "8": {"execution_time": 0.23504114151000977, "passed": true}, "9": {"execution_time": 0.2346818447113037, "passed": false}, "10": {"execution_time": 0.2365422248840332, "passed": true}, "11": {"execution_time": 0.23239755630493164, "passed": false}}}, "check_style_score": "0/1"}