{"version": "1", "message": "ERROR: Hidden Testcases server unreachable.", "problem_id": "ads2_m6_a1_1", "user_id": "krishnasairam", "score": {"sample": {"0": {"execution_time": 0.21555185317993164, "passed": false}, "1": {"execution_time": 0.24498724937438965, "passed": false}, "2": {"execution_time": 0.20660400390625, "passed": false}, "3": {"execution_time": 0.23636889457702637, "passed": false}, "4": {"execution_time": 0.2189011573791504, "passed": false}, "5": {"execution_time": 0.23218679428100586, "passed": false}, "6": {"execution_time": 0.21558618545532227, "passed": true}, "7": {"execution_time": 0.2394111156463623, "passed": false}, "8": {"execution_time": 0.2566349506378174, "passed": true}, "9": {"execution_time": 0.2935311794281006, "passed": false}, "10": {"execution_time": 0.21764874458312988, "passed": true}, "11": {"execution_time": 0.29784584045410156, "passed": false}}}, "check_style_score": "0/1"}