{"version": "1", "message": "ERROR: Hidden Testcases server unreachable.", "problem_id": "ads2_m6_a1_1", "user_id": "krishnasairam", "score": {"sample": {"0": {"execution_time": 0.2446887493133545, "passed": false}, "1": {"execution_time": 0.2922399044036865, "passed": false}, "2": {"execution_time": 0.2496325969696045, "passed": false}, "3": {"execution_time": 0.2667653560638428, "passed": false}, "4": {"execution_time": 0.2813131809234619, "passed": false}, "5": {"execution_time": 0.25864243507385254, "passed": false}, "6": {"execution_time": 0.22981858253479004, "passed": true}, "7": {"execution_time": 0.2432386875152588, "passed": false}, "8": {"execution_time": 0.34218478202819824, "passed": true}, "9": {"execution_time": 0.26798272132873535, "passed": false}, "10": {"execution_time": 0.2363882064819336, "passed": true}, "11": {"execution_time": 0.25097179412841797, "passed": false}}}, "check_style_score": "0/1"}