{"version": "1", "message": "ERROR: Hidden Testcases server unreachable.", "problem_id": "ads2_m6_a1_1", "user_id": "krishnasairam", "score": {"sample": {"0": {"execution_time": 0.25730371475219727, "passed": false}, "1": {"execution_time": 0.22470355033874512, "passed": false}, "2": {"execution_time": 0.25664806365966797, "passed": false}, "3": {"execution_time": 0.23481464385986328, "passed": false}, "4": {"execution_time": 0.22847843170166016, "passed": false}, "5": {"execution_time": 0.2737233638763428, "passed": false}, "6": {"execution_time": 0.25755739212036133, "passed": true}, "7": {"execution_time": 0.25632143020629883, "passed": false}, "8": {"execution_time": 0.25711512565612793, "passed": true}, "9": {"execution_time": 0.25389623641967773, "passed": false}, "10": {"execution_time": 0.2520003318786621, "passed": true}, "11": {"execution_time": 0.2698218822479248, "passed": false}}}, "check_style_score": "0/1"}