{"version": "1", "message": "ERROR: Hidden Testcases server unreachable.", "problem_id": "ads2_m6_a1_1", "user_id": "krishnasairam", "score": {"sample": {"0": {"execution_time": 0.25812864303588867, "passed": false}, "1": {"execution_time": 0.26906800270080566, "passed": false}, "2": {"execution_time": 0.22659945487976074, "passed": false}, "3": {"execution_time": 0.261491060256958, "passed": false}, "4": {"execution_time": 0.25800418853759766, "passed": false}, "5": {"execution_time": 0.24847412109375, "passed": false}, "6": {"execution_time": 0.2569279670715332, "passed": true}, "7": {"execution_time": 0.2612423896789551, "passed": false}, "8": {"execution_time": 0.22640752792358398, "passed": true}, "9": {"execution_time": 0.25667858123779297, "passed": false}, "10": {"execution_time": 0.26172423362731934, "passed": true}, "11": {"execution_time": 0.2406449317932129, "passed": false}}}, "check_style_score": "0/1"}