{"version": "1", "message": "ERROR: Hidden Testcases server unreachable.", "problem_id": "ads2_m6_a1_1", "user_id": "krishnasairam", "score": {"sample": {"0": {"execution_time": 0.20203232765197754, "passed": false}, "1": {"execution_time": 0.23401665687561035, "passed": false}, "2": {"execution_time": 0.2008218765258789, "passed": false}, "3": {"execution_time": 0.22860431671142578, "passed": false}, "4": {"execution_time": 0.22104501724243164, "passed": false}, "5": {"execution_time": 0.21340131759643555, "passed": false}, "6": {"execution_time": 0.23085641860961914, "passed": false}, "7": {"execution_time": 0.22809624671936035, "passed": false}, "8": {"execution_time": 0.22182846069335938, "passed": false}, "9": {"execution_time": 0.22106122970581055, "passed": false}, "10": {"execution_time": 0.19704413414001465, "passed": false}, "11": {"execution_time": 0.22056794166564941, "passed": false}}}, "check_style_score": "0/1"}