{"version": "1", "message": "ERROR: Hidden Testcases server unreachable.", "problem_id": "ads2_m6_a1_1", "user_id": "krishnasairam", "score": {"sample": {"0": {"execution_time": 0.23502469062805176, "passed": false}, "1": {"execution_time": 0.20330524444580078, "passed": false}, "2": {"execution_time": 0.21647262573242188, "passed": false}, "3": {"execution_time": 0.2346789836883545, "passed": false}, "4": {"execution_time": 0.22191739082336426, "passed": false}, "5": {"execution_time": 0.22868919372558594, "passed": false}, "6": {"execution_time": 0.23351073265075684, "passed": false}, "7": {"execution_time": 0.2460310459136963, "passed": false}, "8": {"execution_time": 0.2167186737060547, "passed": false}, "9": {"execution_time": 0.2512071132659912, "passed": false}, "10": {"execution_time": 0.2159872055053711, "passed": false}, "11": {"execution_time": 0.21924972534179688, "passed": false}}}, "check_style_score": "0/1"}