{"version": "1", "message": "ERROR: Hidden Testcases server unreachable.", "problem_id": "ads2_m6_a1_1", "user_id": "krishnasairam", "score": {"sample": {"0": {"execution_time": 0.41693854331970215, "passed": true}, "1": {"execution_time": 0.20345234870910645, "passed": false}, "2": {"execution_time": 0.2685270309448242, "passed": false}, "3": {"execution_time": 0.19410467147827148, "passed": false}, "4": {"execution_time": 0.2097933292388916, "passed": false}, "5": {"execution_time": 0.20245909690856934, "passed": false}, "6": {"execution_time": 0.19823932647705078, "passed": true}, "7": {"execution_time": 0.223402738571167, "passed": false}, "8": {"execution_time": 0.22457385063171387, "passed": true}, "9": {"execution_time": 0.20333242416381836, "passed": false}, "10": {"execution_time": 0.2914409637451172, "passed": true}, "11": {"execution_time": 0.2626321315765381, "passed": false}}}, "check_style_score": "0/1"}