{"version": "1", "message": "ERROR: Hidden Testcases server unreachable.", "problem_id": "ads2_m6_a1_1", "user_id": "krishnasairam", "score": {"sample": {"0": {"execution_time": 0.20910024642944336, "passed": false}, "1": {"execution_time": 0.2104358673095703, "passed": false}, "2": {"execution_time": 0.2105569839477539, "passed": false}, "3": {"execution_time": 0.22442340850830078, "passed": false}, "4": {"execution_time": 0.20758867263793945, "passed": false}, "5": {"execution_time": 0.1969900131225586, "passed": false}, "6": {"execution_time": 0.21709203720092773, "passed": true}, "7": {"execution_time": 0.21735739707946777, "passed": false}, "8": {"execution_time": 0.2074728012084961, "passed": true}, "9": {"execution_time": 0.2125387191772461, "passed": false}, "10": {"execution_time": 0.21143388748168945, "passed": true}, "11": {"execution_time": 0.20372509956359863, "passed": false}}}, "check_style_score": "0/1"}