{"version": "1", "message": "ERROR: Hidden Testcases server unreachable.", "problem_id": "ads2_m16_a1_1", "user_id": "krishnasairam", "score": {"sample": {"0": {"execution_time": 0.21828389167785645, "passed": false}, "1": {"execution_time": 0.2759830951690674, "passed": false}, "2": {"execution_time": 0.410754919052124, "passed": false}, "3": {"execution_time": 0.37506937980651855, "passed": false}, "4": {"execution_time": 0.36752820014953613, "passed": false}, "5": {"execution_time": 0.39113569259643555, "passed": false}, "6": {"execution_time": 0.3725161552429199, "passed": false}, "7": {"execution_time": 0.39514613151550293, "passed": false}, "8": {"execution_time": 0.21187901496887207, "passed": false}, "9": {"execution_time": 0.39878058433532715, "passed": false}, "10": {"execution_time": 0.3842942714691162, "passed": false}, "11": {"execution_time": 0.22513365745544434, "passed": false}, "12": {"execution_time": 0.36331987380981445, "passed": false}, "13": {"execution_time": 0.21661901473999023, "passed": true}, "14": {"execution_time": 0.3783102035522461, "passed": false}, "15": {"execution_time": 0.3946197032928467, "passed": false}, "16": {"execution_time": 0.24139404296875, "passed": false}, "17": {"execution_time": 0.2887732982635498, "passed": false}, "18": {"execution_time": 0.26666760444641113, "passed": false}, "19": {"execution_time": 0.28717589378356934, "passed": false}, "20": {"execution_time": 0.2862663269042969, "passed": false}, "21": {"execution_time": 0.24555492401123047, "passed": false}, "22": {"execution_time": 0.27158403396606445, "passed": false}, "23": {"execution_time": 0.2749166488647461, "passed": false}, "24": {"execution_time": 0.19858551025390625, "passed": true}, "25": {"execution_time": 0.38066530227661133, "passed": false}, "26": {"execution_time": 0.37607502937316895, "passed": false}, "27": {"execution_time": 0.3930625915527344, "passed": false}, "28": {"execution_time": 0.47576022148132324, "passed": false}, "29": {"execution_time": 0.32206010818481445, "passed": false}}}, "check_style_score": "0/1"}