{"version": "1", "message": "ERROR: Hidden Testcases server unreachable.", "problem_id": "ads2_m4_a1_1", "user_id": "krishnasairam", "score": {"sample": {"0": {"execution_time": 0.6062781810760498, "passed": false}, "1": {"execution_time": 0.1951887607574463, "passed": false}, "2": {"execution_time": 0.2085742950439453, "passed": false}, "3": {"execution_time": 0.19910931587219238, "passed": false}, "4": {"execution_time": 0.2127387523651123, "passed": false}, "5": {"execution_time": 0.1880958080291748, "passed": false}, "6": {"execution_time": 0.1821441650390625, "passed": false}, "7": {"execution_time": 0.24995946884155273, "passed": false}, "8": {"execution_time": 0.19510459899902344, "passed": false}, "9": {"execution_time": 0.24478602409362793, "passed": false}, "10": {"execution_time": 0.18088746070861816, "passed": false}, "11": {"execution_time": 0.22642159461975098, "passed": false}, "12": {"execution_time": 0.17831730842590332, "passed": false}, "13": {"execution_time": 0.17034482955932617, "passed": false}, "14": {"execution_time": 0.21920561790466309, "passed": false}}}, "check_style_score": "0/1"}