{"version": "1", "message": "ERROR: Hidden Testcases server unreachable.", "problem_id": "ads2_m4_a1_1", "user_id": "krishnasairam", "score": {"sample": {"0": {"execution_time": 0.20644807815551758, "passed": true}, "1": {"execution_time": 0.2108149528503418, "passed": true}, "2": {"execution_time": 0.24338889122009277, "passed": true}, "3": {"execution_time": 0.26799464225769043, "passed": true}, "4": {"execution_time": 0.2103257179260254, "passed": true}, "5": {"execution_time": 0.20844340324401855, "passed": true}, "6": {"execution_time": 0.20844340324401855, "passed": true}, "7": {"execution_time": 0.23220396041870117, "passed": true}, "8": {"execution_time": 0.22623300552368164, "passed": true}, "9": {"execution_time": 0.1746199131011963, "passed": true}, "10": {"execution_time": 0.19661378860473633, "passed": true}, "11": {"execution_time": 0.18880367279052734, "passed": true}, "12": {"execution_time": 0.19229483604431152, "passed": true}, "13": {"execution_time": 0.833275556564331, "passed": true}, "14": {"execution_time": 0.20752167701721191, "passed": true}}}, "check_style_score": "0/1"}