{"version": "1", "message": "ERROR: Hidden Testcases server unreachable.", "problem_id": "ads2_m4_a1_1", "user_id": "krishnasairam", "score": {"sample": {"0": {"execution_time": 0.2151041030883789, "passed": true}, "1": {"execution_time": 0.21031570434570312, "passed": true}, "2": {"execution_time": 0.22071075439453125, "passed": true}, "3": {"execution_time": 0.24060988426208496, "passed": true}, "4": {"execution_time": 0.19046854972839355, "passed": true}, "5": {"execution_time": 0.21224474906921387, "passed": true}, "6": {"execution_time": 0.2140486240386963, "passed": true}, "7": {"execution_time": 0.18650102615356445, "passed": true}, "8": {"execution_time": 0.2260115146636963, "passed": true}, "9": {"execution_time": 0.1807262897491455, "passed": true}, "10": {"execution_time": 0.19401335716247559, "passed": true}, "11": {"execution_time": 0.20345425605773926, "passed": true}, "12": {"execution_time": 0.18480873107910156, "passed": true}, "13": {"execution_time": 0.8817622661590576, "passed": true}, "14": {"execution_time": 0.18136024475097656, "passed": true}}}, "check_style_score": "0/1"}