{"version": "1", "message": "ERROR: Hidden Testcases server unreachable.", "problem_id": "ads2_m2_a1_1", "user_id": "krishnasairam", "score": {"sample": {"0": {"execution_time": 0.20437049865722656, "passed": true}, "1": {"execution_time": 0.16573858261108398, "passed": true}, "2": {"execution_time": 0.15632104873657227, "passed": true}, "3": {"execution_time": 0.18134355545043945, "passed": true}, "4": {"execution_time": 0.14645767211914062, "passed": true}, "5": {"execution_time": 0.1466825008392334, "passed": true}, "6": {"execution_time": 0.15412402153015137, "passed": true}, "7": {"execution_time": 0.15322160720825195, "passed": true}, "8": {"execution_time": 0.18740177154541016, "passed": true}, "9": {"execution_time": 0.15857434272766113, "passed": true}, "10": {"execution_time": 0.1451723575592041, "passed": true}, "11": {"execution_time": 0.17905521392822266, "passed": true}, "12": {"execution_time": 0.1910102367401123, "passed": true}, "13": {"execution_time": 0.18704009056091309, "passed": true}, "14": {"execution_time": 0.19139671325683594, "passed": true}, "15": {"execution_time": 0.1708967685699463, "passed": true}, "16": {"execution_time": 0.16562128067016602, "passed": true}, "17": {"execution_time": 0.19957518577575684, "passed": true}, "18": {"execution_time": 0.19663310050964355, "passed": true}, "19": {"execution_time": 0.21854257583618164, "passed": true}, "20": {"execution_time": 0.1883387565612793, "passed": true}, "21": {"execution_time": 0.1508636474609375, "passed": true}, "22": {"execution_time": 0.2215578556060791, "passed": true}, "23": {"execution_time": 0.2336728572845459, "passed": true}}}, "check_style_score": "1/1"}