{"version": "1", "message": "ERROR: Hidden Testcases server unreachable.", "problem_id": "ads2_m2_a1_1", "user_id": "krishnasairam", "score": {"sample": {"0": {"execution_time": 0.18169021606445312, "passed": true}, "1": {"execution_time": 0.17617201805114746, "passed": true}, "2": {"execution_time": 0.19556546211242676, "passed": true}, "3": {"execution_time": 0.20398426055908203, "passed": true}, "4": {"execution_time": 0.17870593070983887, "passed": true}, "5": {"execution_time": 0.18964004516601562, "passed": true}, "6": {"execution_time": 0.19197773933410645, "passed": true}, "7": {"execution_time": 0.21458983421325684, "passed": true}, "8": {"execution_time": 0.1964433193206787, "passed": true}, "9": {"execution_time": 0.19370603561401367, "passed": true}, "10": {"execution_time": 0.18845748901367188, "passed": true}, "11": {"execution_time": 0.1804800033569336, "passed": true}, "12": {"execution_time": 0.14623284339904785, "passed": true}, "13": {"execution_time": 0.16977715492248535, "passed": true}, "14": {"execution_time": 0.16852974891662598, "passed": true}, "15": {"execution_time": 0.20503854751586914, "passed": true}, "16": {"execution_time": 0.20620131492614746, "passed": true}, "17": {"execution_time": 0.23927092552185059, "passed": true}, "18": {"execution_time": 0.20151066780090332, "passed": true}, "19": {"execution_time": 0.2510673999786377, "passed": true}, "20": {"execution_time": 0.22419404983520508, "passed": true}, "21": {"execution_time": 0.2030019760131836, "passed": true}, "22": {"execution_time": 0.26660823822021484, "passed": true}, "23": {"execution_time": 0.2687509059906006, "passed": true}}}, "check_style_score": "1/1"}