{"version": "1", "message": "ERROR: Hidden Testcases server unreachable.", "problem_id": "ads2_m2_a1_1", "user_id": "krishnasairam", "score": {"sample": {"0": {"execution_time": 0.19301223754882812, "passed": true}, "1": {"execution_time": 0.18961858749389648, "passed": true}, "2": {"execution_time": 0.1784520149230957, "passed": true}, "3": {"execution_time": 0.17304396629333496, "passed": true}, "4": {"execution_time": 0.20080828666687012, "passed": true}, "5": {"execution_time": 0.1608588695526123, "passed": true}, "6": {"execution_time": 0.15416169166564941, "passed": true}, "7": {"execution_time": 0.16373300552368164, "passed": true}, "8": {"execution_time": 0.1806495189666748, "passed": true}, "9": {"execution_time": 0.16269493103027344, "passed": true}, "10": {"execution_time": 0.17076349258422852, "passed": true}, "11": {"execution_time": 0.1805133819580078, "passed": true}, "12": {"execution_time": 0.18076157569885254, "passed": true}, "13": {"execution_time": 0.17912888526916504, "passed": true}, "14": {"execution_time": 0.1567375659942627, "passed": true}, "15": {"execution_time": 0.21311450004577637, "passed": true}, "16": {"execution_time": 0.2253437042236328, "passed": true}, "17": {"execution_time": 0.2433779239654541, "passed": true}, "18": {"execution_time": 0.22071075439453125, "passed": true}, "19": {"execution_time": 0.21038031578063965, "passed": true}, "20": {"execution_time": 0.2546956539154053, "passed": true}, "21": {"execution_time": 0.18958282470703125, "passed": true}, "22": {"execution_time": 0.433182954788208, "passed": true}, "23": {"execution_time": 0.3429446220397949, "passed": true}}}, "check_style_score": "1/1"}