{"version": "1", "message": "ERROR: Hidden Testcases server unreachable.", "problem_id": "ads2_m2_a1_1", "user_id": "krishnasairam", "score": {"sample": {"0": {"execution_time": 0.1758725643157959, "passed": true}, "1": {"execution_time": 0.15594959259033203, "passed": true}, "2": {"execution_time": 0.18469452857971191, "passed": true}, "3": {"execution_time": 0.14882493019104004, "passed": true}, "4": {"execution_time": 0.14462065696716309, "passed": true}, "5": {"execution_time": 0.1704113483428955, "passed": true}, "6": {"execution_time": 0.15059947967529297, "passed": true}, "7": {"execution_time": 0.160736083984375, "passed": true}, "8": {"execution_time": 0.17621779441833496, "passed": true}, "9": {"execution_time": 0.1738905906677246, "passed": true}, "10": {"execution_time": 0.14737749099731445, "passed": true}, "11": {"execution_time": 0.18761324882507324, "passed": true}, "12": {"execution_time": 0.14890336990356445, "passed": true}, "13": {"execution_time": 0.20800542831420898, "passed": true}, "14": {"execution_time": 0.18734216690063477, "passed": true}, "15": {"execution_time": 0.16990137100219727, "passed": true}, "16": {"execution_time": 0.1660456657409668, "passed": true}, "17": {"execution_time": 0.23529267311096191, "passed": true}, "18": {"execution_time": 0.17840981483459473, "passed": true}, "19": {"execution_time": 0.195509672164917, "passed": true}, "20": {"execution_time": 0.1896965503692627, "passed": true}, "21": {"execution_time": 0.1499311923980713, "passed": true}, "22": {"execution_time": 0.22750210762023926, "passed": true}, "23": {"execution_time": 0.21510791778564453, "passed": true}}}, "check_style_score": "1/1"}