{"version": "1", "message": "ERROR: Hidden Testcases server unreachable.", "problem_id": "ads2_m2_a1_1", "user_id": "krishnasairam", "score": {"sample": {"0": {"execution_time": 0.2031702995300293, "passed": false}, "1": {"execution_time": 0.19227266311645508, "passed": false}, "2": {"execution_time": 0.18817830085754395, "passed": false}, "3": {"execution_time": 0.17714357376098633, "passed": false}, "4": {"execution_time": 0.14941120147705078, "passed": false}, "5": {"execution_time": 0.15003037452697754, "passed": false}, "6": {"execution_time": 0.1531693935394287, "passed": false}, "7": {"execution_time": 0.16217780113220215, "passed": false}, "8": {"execution_time": 0.19107961654663086, "passed": false}, "9": {"execution_time": 0.17291712760925293, "passed": false}, "10": {"execution_time": 0.14344477653503418, "passed": false}, "11": {"execution_time": 0.16069316864013672, "passed": false}, "12": {"execution_time": 0.1502082347869873, "passed": false}, "13": {"execution_time": 0.1878676414489746, "passed": false}, "14": {"execution_time": 0.1515510082244873, "passed": false}, "15": {"execution_time": 0.18556809425354004, "passed": false}, "16": {"execution_time": 0.1757197380065918, "passed": false}, "17": {"execution_time": 0.21349048614501953, "passed": false}, "18": {"execution_time": 0.19097375869750977, "passed": false}, "19": {"execution_time": 0.19315886497497559, "passed": false}, "20": {"execution_time": 0.2363295555114746, "passed": false}, "21": {"execution_time": 0.18650054931640625, "passed": false}, "22": {"execution_time": 0.23013973236083984, "passed": false}, "23": {"execution_time": 0.22376394271850586, "passed": false}}}, "check_style_score": "1/1"}