{"version": "1", "message": "ERROR: Hidden Testcases server unreachable.", "problem_id": "ads2_m2_a1_1", "user_id": "krishnasairam", "score": {"sample": {"0": {"execution_time": 0.15658211708068848, "passed": true}, "1": {"execution_time": 0.2184123992919922, "passed": true}, "2": {"execution_time": 0.1655597686767578, "passed": true}, "3": {"execution_time": 0.18051433563232422, "passed": true}, "4": {"execution_time": 0.15159344673156738, "passed": true}, "5": {"execution_time": 0.14792633056640625, "passed": true}, "6": {"execution_time": 0.15159344673156738, "passed": true}, "7": {"execution_time": 0.1575782299041748, "passed": true}, "8": {"execution_time": 0.18088674545288086, "passed": true}, "9": {"execution_time": 0.16634178161621094, "passed": true}, "10": {"execution_time": 0.18849563598632812, "passed": true}, "11": {"execution_time": 0.18784213066101074, "passed": true}, "12": {"execution_time": 0.18078279495239258, "passed": true}, "13": {"execution_time": 0.17706966400146484, "passed": true}, "14": {"execution_time": 0.18956518173217773, "passed": true}, "15": {"execution_time": 0.16214656829833984, "passed": true}, "16": {"execution_time": 0.18489456176757812, "passed": true}, "17": {"execution_time": 0.20475101470947266, "passed": true}, "18": {"execution_time": 0.1788313388824463, "passed": true}, "19": {"execution_time": 0.2124309539794922, "passed": true}, "20": {"execution_time": 0.20755600929260254, "passed": true}, "21": {"execution_time": 0.17163443565368652, "passed": true}, "22": {"execution_time": 0.23917007446289062, "passed": true}, "23": {"execution_time": 0.23441410064697266, "passed": true}}}, "check_style_score": "1/1"}