{"version": "1", "message": "ERROR: Hidden Testcases server unreachable.", "problem_id": "ads2_m2_a1_1", "user_id": "krishnasairam", "score": {"sample": {"0": {"execution_time": 0.169569730758667, "passed": false}, "1": {"execution_time": 0.15866327285766602, "passed": false}, "2": {"execution_time": 0.16312670707702637, "passed": false}, "3": {"execution_time": 0.14703679084777832, "passed": false}, "4": {"execution_time": 0.15897202491760254, "passed": false}, "5": {"execution_time": 0.15921473503112793, "passed": false}, "6": {"execution_time": 0.1441025733947754, "passed": false}, "7": {"execution_time": 0.16204547882080078, "passed": false}, "8": {"execution_time": 0.17998051643371582, "passed": false}, "9": {"execution_time": 0.17933177947998047, "passed": false}, "10": {"execution_time": 0.16825056076049805, "passed": false}, "11": {"execution_time": 0.17827200889587402, "passed": false}, "12": {"execution_time": 0.19453763961791992, "passed": false}, "13": {"execution_time": 0.17594504356384277, "passed": false}, "14": {"execution_time": 0.18430399894714355, "passed": false}, "15": {"execution_time": 0.17880797386169434, "passed": false}, "16": {"execution_time": 0.18747568130493164, "passed": false}, "17": {"execution_time": 0.20660734176635742, "passed": false}, "18": {"execution_time": 0.21154308319091797, "passed": false}, "19": {"execution_time": 0.21119356155395508, "passed": false}, "20": {"execution_time": 0.2163712978363037, "passed": false}, "21": {"execution_time": 0.15558481216430664, "passed": false}, "22": {"execution_time": 0.22967195510864258, "passed": false}, "23": {"execution_time": 0.2336595058441162, "passed": false}}}, "check_style_score": "1/1"}