{"version": "1", "message": "ERROR: Hidden Testcases server unreachable.", "problem_id": "ads2_m2_a1_1", "user_id": "krishnasairam", "score": {"sample": {"0": {"execution_time": 0.18860435485839844, "passed": false}, "1": {"execution_time": 0.14963364601135254, "passed": false}, "2": {"execution_time": 0.14325881004333496, "passed": false}, "3": {"execution_time": 0.16756057739257812, "passed": false}, "4": {"execution_time": 0.15957307815551758, "passed": false}, "5": {"execution_time": 0.14645814895629883, "passed": false}, "6": {"execution_time": 0.1647472381591797, "passed": false}, "7": {"execution_time": 0.1591501235961914, "passed": false}, "8": {"execution_time": 0.14542078971862793, "passed": false}, "9": {"execution_time": 0.15607714653015137, "passed": false}, "10": {"execution_time": 0.17342472076416016, "passed": false}, "11": {"execution_time": 0.1573951244354248, "passed": false}, "12": {"execution_time": 0.15558242797851562, "passed": false}, "13": {"execution_time": 0.17239618301391602, "passed": false}, "14": {"execution_time": 0.20766615867614746, "passed": false}, "15": {"execution_time": 0.1947803497314453, "passed": false}, "16": {"execution_time": 0.19283604621887207, "passed": false}, "17": {"execution_time": 0.21043658256530762, "passed": false}, "18": {"execution_time": 0.19974470138549805, "passed": false}, "19": {"execution_time": 0.21295809745788574, "passed": false}, "20": {"execution_time": 0.19736075401306152, "passed": false}, "21": {"execution_time": 0.15054798126220703, "passed": false}, "22": {"execution_time": 0.2260270118713379, "passed": false}, "23": {"execution_time": 0.22407078742980957, "passed": false}}}, "check_style_score": "1/1"}