{"version": "1", "message": "ERROR: Hidden Testcases server unreachable.", "problem_id": "ads2_m2_a1_1", "user_id": "krishnasairam", "score": {"sample": {"0": {"execution_time": 0.20586895942687988, "passed": false}, "1": {"execution_time": 0.14421558380126953, "passed": false}, "2": {"execution_time": 0.1696624755859375, "passed": false}, "3": {"execution_time": 0.14548015594482422, "passed": false}, "4": {"execution_time": 0.17024493217468262, "passed": false}, "5": {"execution_time": 0.1780858039855957, "passed": false}, "6": {"execution_time": 0.15661287307739258, "passed": false}, "7": {"execution_time": 0.18347740173339844, "passed": false}, "8": {"execution_time": 0.19751381874084473, "passed": false}, "9": {"execution_time": 0.14760279655456543, "passed": false}, "10": {"execution_time": 0.18550419807434082, "passed": false}, "11": {"execution_time": 0.14763855934143066, "passed": false}, "12": {"execution_time": 0.1715376377105713, "passed": false}, "13": {"execution_time": 0.18085002899169922, "passed": false}, "14": {"execution_time": 0.1881251335144043, "passed": false}, "15": {"execution_time": 0.20144248008728027, "passed": false}, "16": {"execution_time": 0.16394352912902832, "passed": false}, "17": {"execution_time": 0.21373581886291504, "passed": false}, "18": {"execution_time": 0.1728372573852539, "passed": false}, "19": {"execution_time": 0.2098698616027832, "passed": false}, "20": {"execution_time": 0.23757672309875488, "passed": false}, "21": {"execution_time": 0.17125773429870605, "passed": false}, "22": {"execution_time": 0.23344206809997559, "passed": false}, "23": {"execution_time": 0.22490644454956055, "passed": false}}}, "check_style_score": "1/1"}